<application>
  <component name="FileTypeManager" version="17">
    <extensionMap>
      <mapping pattern="_3" type="PLAIN_TEXT" />
      <mapping pattern="model" type="PLAIN_TEXT" />
      <mapping pattern="什么是线性回归" type="PLAIN_TEXT" />
      <mapping pattern="english_audio" type="PLAIN_TEXT" />
      <mapping pattern="__2" type="PLAIN_TEXT" />
      <mapping pattern="Glossary" type="PLAIN_TEXT" />
      <mapping pattern="__1" type="PLAIN_TEXT" />
      <mapping ext="index" type="PLAIN_TEXT" />
      <mapping ext="jfif" type="PLAIN_TEXT" />
      <mapping ext="srt" type="PLAIN_TEXT" />
    </extensionMap>
  </component>
</application>