<application>
  <component name="FindSettings">
    <option name="caseSensitive" value="true" />
    <option name="customScope" value="All Places" />
    <option name="defaultScopeName" value="All Places" />
    <option name="showResultsInSeparateView" value="true" />
    <option name="CASE_SENSITIVE_SEARCH" value="true" />
    <option name="SHOW_RESULTS_IN_SEPARATE_VIEW" value="true" />
    <option name="SEARCH_SCOPE" value="All Places" />
    <option name="FILE_MASK" value="*.xml" />
    <mask>*.as</mask>
    <mask>*.mxml</mask>
    <mask>*.css</mask>
    <mask>*.html</mask>
    <mask>·</mask>
    <mask>*.jsp</mask>
    <mask>*.js</mask>
    <mask>*.properties</mask>
    <mask>*.java</mask>
    <mask>*.md</mask>
    <mask>*.yml</mask>
    <mask>*.xml</mask>
  </component>
</application>