<application>
  <component name="UISettings">
    <option name="EDITOR_TAB_LIMIT" value="30" />
    <option name="HIDE_KNOWN_EXTENSION_IN_TABS" value="true" />
    <option name="MARK_MODIFIED_TABS_WITH_ASTERISK" value="true" />
    <option name="OVERRIDE_NONIDEA_LAF_FONTS" value="true" />
    <option name="PRESENTATION_MODE_FONT_SIZE" value="72" />
    <option name="SORT_TABS_ALPHABETICALLY" value="true" />
    <option name="USE_SMALL_LABELS_ON_TABS" value="true" />
  </component>
</application>